C:/PythonProj/Neural_Networks/Image_recog/GIT_Retinanet/keras-retinanet-master/Custom_data/images/car001.jpg,20,17,44,48,car
C:/PythonProj/Neural_Networks/Image_recog/GIT_Retinanet/keras-retinanet-master/Custom_data/images/car002.jpg,17,17,46,44,car
C:/PythonProj/Neural_Networks/Image_recog/GIT_Retinanet/keras-retinanet-master/Custom_data/images/car003.jpg,23,23,44,50,car
C:/PythonProj/Neural_Networks/Image_recog/GIT_Retinanet/keras-retinanet-master/Custom_data/images/car004.jpg,24,20,40,48,car
C:/PythonProj/Neural_Networks/Image_recog/GIT_Retinanet/keras-retinanet-master/Custom_data/images/car005.jpg,24,21,38,48,car
C:/PythonProj/Neural_Networks/Image_recog/GIT_Retinanet/keras-retinanet-master/Custom_data/images/car006.jpg,24,21,41,45,car
C:/PythonProj/Neural_Networks/Image_recog/GIT_Retinanet/keras-retinanet-master/Custom_data/images/car007.jpg,20,27,47,38,car
C:/PythonProj/Neural_Networks/Image_recog/GIT_Retinanet/keras-retinanet-master/Custom_data/images/car008.jpg,19,21,45,45,car
C:/PythonProj/Neural_Networks/Image_recog/GIT_Retinanet/keras-retinanet-master/Custom_data/images/car009.jpg,20,19,45,50,car
C:/PythonProj/Neural_Networks/Image_recog/GIT_Retinanet/keras-retinanet-master/Custom_data/images/car010.jpg,17,12,45,46,car
C:/PythonProj/Neural_Networks/Image_recog/GIT_Retinanet/keras-retinanet-master/Custom_data/images/car011.jpg,13,15,46,44,car
C:/PythonProj/Neural_Networks/Image_recog/GIT_Retinanet/keras-retinanet-master/Custom_data/images/car012.jpg,25,17,38,47,car
C:/PythonProj/Neural_Networks/Image_recog/GIT_Retinanet/keras-retinanet-master/Custom_data/images/car012.jpg,42,32,55,56,car
C:/PythonProj/Neural_Networks/Image_recog/GIT_Retinanet/keras-retinanet-master/Custom_data/images/car013.jpg,26,21,42,45,car
C:/PythonProj/Neural_Networks/Image_recog/GIT_Retinanet/keras-retinanet-master/Custom_data/images/car013.jpg,6,22,24,47,car
C:/PythonProj/Neural_Networks/Image_recog/GIT_Retinanet/keras-retinanet-master/Custom_data/images/car014.jpg,7,24,24,50,car
C:/PythonProj/Neural_Networks/Image_recog/GIT_Retinanet/keras-retinanet-master/Custom_data/images/car014.jpg,24,19,41,47,car
C:/PythonProj/Neural_Networks/Image_recog/GIT_Retinanet/keras-retinanet-master/Custom_data/images/car014.jpg,37,6,61,38,car
C:/PythonProj/Neural_Networks/Image_recog/GIT_Retinanet/keras-retinanet-master/Custom_data/images/car015.jpg,18,11,46,22,car
C:/PythonProj/Neural_Networks/Image_recog/GIT_Retinanet/keras-retinanet-master/Custom_data/images/car015.jpg,17,28,48,40,car
C:/PythonProj/Neural_Networks/Image_recog/GIT_Retinanet/keras-retinanet-master/Custom_data/images/car015.jpg,18,43,58,54,car
